{
  "plugin_name": "Test PubSub Omkar 5",
  "help_link": "https://github.com/IBM/universal-connectors/blob/main/filter-plugin/logstash-filter-mariadb-guardium/README.md",
  "input_name": "Google_PubSub_Omkar_input_split",
  "input_parameters": [
    {
      "project_id": {
        "type": "text",
        "label": "Project ID"
      },
      "topic": {
        "type": "text",
        "label": "Topic"
      },
      "subscription": {
        "type": "text",
        "label": "Subscription"
      },
      "client_id": {
        "type": "text",
        "label": "Client ID"
      },
      "type": {
        "type": "text",
        "default": "pubsub",
        "hidden": true
      },
      "private_key_id": {
        "type": "password",
        "label": "Private key id"
      },
      "private_key": {
        "type": "password",
        "label": "Private key"
      }
    }
  ],
  "filter_name": "PubSub_Omkar_Test5",
  "filter_parameters": [],
  "auth_parameters": [
    {
      "guc_input_param_username": {
        "type": "text",
        "label": "Username"
      }
    }
  ],
  "supported_platforms": ["on-premise"]
}